{
    "1.jpg": {
        "intrinsics": [
            [
                2985.29,
                0.0,
                512.0
            ],
            [
                0.0,
                2985.29,
                512.0
            ],
            [
                0.0,
                0.0,
                1.0
            ]
        ],
        "pose": [
            [
                0.9943798780441284,
                0.030124753713607788,
                -0.10149471461772919,
                0.2613871395587921
            ],
            [
                0.013958552852272987,
                -0.9875993728637695,
                -0.1563735008239746,
                0.4203116297721863
            ],
            [
                -0.10494682937860489,
                0.1540779322385788,
                -0.9824694395065308,
                2.689610481262207
            ],
            [
                0.0,
                0.0,
                0.0,
                1.0
            ]
        ],
        "angle": [
            0.15783977508544922,
            0.1016697809100151,
            -0.030285751447081566
        ]
    },
    "11.jpg": {
        "intrinsics": [
            [
                2985.29,
                0.0,
                512.0
            ],
            [
                0.0,
                2985.29,
                512.0
            ],
            [
                0.0,
                0.0,
                1.0
            ]
        ],
        "pose": [
            [
                0.4298849105834961,
                -0.13274377584457397,
                -0.893072247505188,
                2.4501755237579346
            ],
            [
                -0.16349098086357117,
                -0.9842263460159302,
                0.06759543716907501,
                -0.1811474859714508
            ],
            [
                -0.8879581093788147,
                0.11695097386837006,
                -0.44480645656585693,
                1.403053879737854
            ],
            [
                0.0,
                0.0,
                0.0,
                1.0
            ]
        ],
        "angle": [
            -0.1508120894432068,
            1.104128122329712,
            0.29950055480003357
        ]
    },
    "12.jpg": {
        "intrinsics": [
            [
                2985.29,
                0.0,
                512.0
            ],
            [
                0.0,
                2985.29,
                512.0
            ],
            [
                0.0,
                0.0,
                1.0
            ]
        ],
        "pose": [
            [
                0.9983300566673279,
                0.054421234875917435,
                -0.019376659765839577,
                0.04763681814074516
            ],
            [
                0.05010080337524414,
                -0.9826517701148987,
                -0.17856469750404358,
                0.47347787022590637
            ],
            [
                -0.028758220374584198,
                0.1772957146167755,
                -0.9837373495101929,
                2.649165153503418
            ],
            [
                0.0,
                0.0,
                0.0,
                1.0
            ]
        ],
        "angle": [
            0.179561585187912,
            0.019377872347831726,
            -0.0544583685696125
        ]
    },
    "13.jpg": {
        "intrinsics": [
            [
                2985.29,
                0.0,
                512.0
            ],
            [
                0.0,
                2985.29,
                512.0
            ],
            [
                0.0,
                0.0,
                1.0
            ]
        ],
        "pose": [
            [
                0.9676205515861511,
                0.06543894112110138,
                -0.24377892911434174,
                0.6852385997772217
            ],
            [
                0.06967458873987198,
                -0.9975311160087585,
                0.008783301338553429,
                -0.025161366909742355
            ],
            [
                -0.24260228872299194,
                -0.025484099984169006,
                -0.969791054725647,
                2.8788022994995117
            ],
            [
                0.0,
                0.0,
                0.0,
                1.0
            ]
        ],
        "angle": [
            -0.009056653827428818,
            0.24626043438911438,
            -0.06752590090036392
        ]
    },
    "2.jpg": {
        "intrinsics": [
            [
                2985.29,
                0.0,
                512.0
            ],
            [
                0.0,
                2985.29,
                512.0
            ],
            [
                0.0,
                0.0,
                1.0
            ]
        ],
        "pose": [
            [
                0.9768601655960083,
                -0.057169634848833084,
                0.20609648525714874,
                -0.5351143479347229
            ],
            [
                -0.03618863970041275,
                -0.9939005374908447,
                -0.10417299717664719,
                0.28943920135498047
            ],
            [
                0.21079494059085846,
                0.09430410712957382,
                -0.9729707837104797,
                2.7063968181610107
            ],
            [
                0.0,
                0.0,
                0.0,
                1.0
            ]
        ],
        "angle": [
            0.10666060447692871,
            -0.20758411288261414,
            0.05845718830823898
        ]
    },
    "3.jpg": {
        "intrinsics": [
            [
                2985.29,
                0.0,
                512.0
            ],
            [
                0.0,
                2985.29,
                512.0
            ],
            [
                0.0,
                0.0,
                1.0
            ]
        ],
        "pose": [
            [
                0.9770041704177856,
                -0.031472768634557724,
                -0.2108847200870514,
                0.5670515298843384
            ],
            [
                -0.05538777634501457,
                -0.9925550222396851,
                -0.10847458243370056,
                0.3002411723136902
            ],
            [
                -0.20590068399906158,
                0.11766055226325989,
                -0.9714735150337219,
                2.7818281650543213
            ],
            [
                0.0,
                0.0,
                0.0,
                1.0
            ]
        ],
        "angle": [
            0.11119922250509262,
            0.21247994899749756,
            0.03220241144299507
        ]
    },
    "4.jpg": {
        "intrinsics": [
            [
                2985.29,
                0.0,
                512.0
            ],
            [
                0.0,
                2985.29,
                512.0
            ],
            [
                0.0,
                0.0,
                1.0
            ]
        ],
        "pose": [
            [
                0.9959230422973633,
                0.004592412151396275,
                -0.09009002149105072,
                0.24168536067008972
            ],
            [
                -0.011698397807776928,
                -0.9836943745613098,
                -0.17946751415729523,
                0.4832970201969147
            ],
            [
                -0.08944524079561234,
                0.17978975176811218,
                -0.9796301126480103,
                2.734637498855591
            ],
            [
                0.0,
                0.0,
                0.0,
                1.0
            ]
        ],
        "angle": [
            0.18119005858898163,
            0.09021233022212982,
            -0.004611179232597351
        ]
    },